{
  "train_loss": [
    3.336860418319702,
    3.0777764320373535,
    2.884648323059082,
    2.7818961143493652,
    2.664804458618164,
    2.529806137084961,
    2.4055638313293457,
    2.3353841304779053,
    2.2652435302734375,
    2.150160312652588,
    2.04954195022583,
    1.9283291101455688,
    1.9125350713729858,
    1.8365223407745361,
    1.654510498046875,
    1.6291857957839966,
    1.5226175785064697,
    1.4106712341308594,
    1.3746600151062012,
    1.257861852645874,
    1.3270809650421143,
    1.287470817565918,
    1.1095407009124756,
    1.0646944046020508,
    1.106806993484497,
    1.0141948461532593,
    1.0156257152557373,
    0.8916220664978027,
    0.9029282331466675,
    0.9383398294448853,
    0.8388136029243469,
    0.8145796060562134,
    0.8030679225921631,
    0.770439863204956,
    0.8107748031616211,
    0.7102295756340027,
    0.6732155084609985,
    0.6494846940040588,
    0.6453151106834412,
    0.670690655708313,
    0.6469517946243286,
    0.7805575132369995,
    0.6266036629676819,
    0.522735595703125,
    0.5551515221595764,
    0.5437870621681213,
    0.5732368230819702,
    0.4604679346084595,
    0.557051956653595,
    0.4918156862258911,
    0.511931836605072,
    0.5708527565002441,
    0.5090256333351135,
    0.4176732301712036,
    0.41186535358428955,
    0.430510014295578,
    0.4044819474220276,
    0.3682738244533539,
    0.6429608464241028,
    0.4121222496032715,
    0.39193692803382874,
    0.3921666443347931,
    0.4133022129535675,
    0.36290618777275085,
    0.4824443459510803,
    0.34598153829574585,
    0.37637564539909363,
    0.3764757215976715,
    0.4196293354034424,
    0.3418090343475342,
    0.3487706780433655,
    0.32174116373062134,
    0.45767277479171753,
    0.34075406193733215,
    0.3043903410434723,
    0.30748000741004944,
    0.3871508836746216,
    0.40055277943611145,
    0.30840322375297546,
    0.3119310140609741,
    0.3067638874053955,
    0.31366997957229614,
    0.2616878151893616,
    0.36673077940940857,
    0.3178847134113312,
    0.2613845467567444,
    0.39033907651901245,
    0.26192912459373474,
    0.2676413953304291,
    0.3891523778438568,
    0.34329599142074585,
    0.2706930339336395,
    0.2783607244491577,
    0.28840625286102295,
    0.29672062397003174,
    0.28220877051353455,
    0.2168983519077301,
    0.2694073021411896,
    0.25051048398017883,
    0.24393640458583832
  ],
  "val_loss": [
    3.287382125854492,
    3.1804699897766113,
    3.050321578979492,
    3.0361168384552,
    2.961042881011963,
    2.930408000946045,
    2.9798316955566406,
    2.866863489151001,
    2.9107015132904053,
    2.8284544944763184,
    2.769606590270996,
    2.8813133239746094,
    2.675286293029785,
    2.630598306655884,
    2.512617588043213,
    2.577725410461426,
    2.2889363765716553,
    2.4092938899993896,
    2.1918728351593018,
    2.1663076877593994,
    2.152000904083252,
    1.9853246212005615,
    2.0510153770446777,
    1.874040126800537,
    2.2843177318573,
    1.8587979078292847,
    1.9704928398132324,
    1.7981005907058716,
    1.907451868057251,
    1.6917061805725098,
    2.043975353240967,
    1.6278903484344482,
    1.546280860900879,
    2.069639205932617,
    1.5657260417938232,
    1.5737582445144653,
    1.4226144552230835,
    1.5247524976730347,
    1.5121649503707886,
    1.4210426807403564,
    1.7467597723007202,
    1.407098650932312,
    1.4600154161453247,
    1.6181275844573975,
    1.4639739990234375,
    1.573451042175293,
    1.430917739868164,
    1.151911973953247,
    1.3138808012008667,
    1.725499153137207,
    1.6727139949798584,
    1.322959542274475,
    1.4751732349395752,
    1.1898491382598877,
    1.5991226434707642,
    1.6202195882797241,
    1.2769291400909424,
    1.3439111709594727,
    1.205001711845398,
    1.1787068843841553,
    1.1721816062927246,
    1.3438024520874023,
    1.3393003940582275,
    1.488166332244873,
    1.3032734394073486,
    1.1955074071884155,
    1.506965160369873,
    1.0514315366744995,
    1.276724100112915,
    1.0650967359542847,
    1.0992846488952637,
    1.2150226831436157,
    1.188291072845459,
    1.0483416318893433,
    1.4894508123397827,
    1.6632535457611084,
    1.430965542793274,
    1.1227471828460693,
    1.039289116859436,
    1.1599719524383545,
    1.599249005317688,
    0.9782572388648987,
    1.3491909503936768,
    1.121304988861084,
    1.6182866096496582,
    1.014760136604309,
    1.133342981338501,
    1.0924830436706543,
    1.4062883853912354,
    1.4108995199203491,
    1.2860777378082275,
    1.0666290521621704,
    1.1036837100982666,
    0.9858018755912781,
    0.9756789207458496,
    1.2773938179016113,
    1.1683977842330933,
    1.0876035690307617,
    1.1076894998550415,
    0.962909996509552
  ],
  "fusion_weights": [
    0.6231605410575867,
    0.6238621473312378,
    0.62452232837677,
    0.6251506805419922,
    0.62580406665802,
    0.6264115571975708,
    0.6269344687461853,
    0.6272512078285217,
    0.6273742914199829,
    0.6273188591003418,
    0.6270650625228882,
    0.6266934871673584,
    0.6262173056602478,
    0.6256682276725769,
    0.6250644326210022,
    0.6244169473648071,
    0.6237335801124573,
    0.6230200529098511,
    0.6222802400588989,
    0.6215218305587769,
    0.6207419037818909,
    0.6199421882629395,
    0.6191293001174927,
    0.6183041334152222,
    0.6174618601799011,
    0.6166062951087952,
    0.6157392859458923,
    0.6148607730865479,
    0.6139819622039795,
    0.6130856275558472,
    0.6121809482574463,
    0.6112790107727051,
    0.6103655695915222,
    0.6094450950622559,
    0.6085076928138733,
    0.607562243938446,
    0.6066151261329651,
    0.6056655049324036,
    0.6047173738479614,
    0.6037579774856567,
    0.6027878522872925,
    0.6017956137657166,
    0.6008005738258362,
    0.5998163819313049,
    0.5988447666168213,
    0.59788978099823,
    0.5969323515892029,
    0.5959874391555786,
    0.5950347781181335,
    0.5940991044044495,
    0.5931541323661804,
    0.5921933054924011,
    0.5912365913391113,
    0.5902948975563049,
    0.5893672704696655,
    0.5884498953819275,
    0.5875394940376282,
    0.5866373777389526,
    0.5857125520706177,
    0.5848084688186646,
    0.5839268565177917,
    0.5830540657043457,
    0.5821812152862549,
    0.581328272819519,
    0.5804588794708252,
    0.5796117782592773,
    0.5787712335586548,
    0.5779368877410889,
    0.5770924091339111,
    0.576251745223999,
    0.5754351615905762,
    0.5746213793754578,
    0.5738074779510498,
    0.5729963779449463,
    0.5722095966339111,
    0.5714336037635803,
    0.5706605911254883,
    0.5698859095573425,
    0.5691244602203369,
    0.5683818459510803,
    0.567650556564331,
    0.5669347047805786,
    0.5662310123443604,
    0.5655396580696106,
    0.5648477077484131,
    0.5641719102859497,
    0.563484251499176,
    0.5628140568733215,
    0.5621538162231445,
    0.5614966750144958,
    0.560847282409668,
    0.5602192878723145,
    0.559611439704895,
    0.5590178966522217,
    0.5584174394607544,
    0.5578123331069946,
    0.5572206377983093,
    0.5566259622573853,
    0.5560387969017029,
    0.5554570555686951
  ],
  "best_val_loss": 0.962909996509552,
  "final_val_loss": 0.962909996509552,
  "total_time": 20.4886372089386,
  "parameters": 221722
}