{
  "phase1": {
    "train_loss": [
      3.366210460662842,
      3.3192451000213623,
      3.286824941635132,
      3.252007484436035,
      3.205056667327881,
      3.157855749130249,
      3.1492090225219727,
      3.106757879257202,
      3.0732734203338623,
      3.0717549324035645,
      3.0613393783569336,
      3.063279151916504,
      3.02052640914917,
      2.9863247871398926,
      2.9989781379699707,
      2.937624931335449,
      2.9232535362243652,
      2.90334153175354,
      2.8977909088134766,
      2.8360323905944824
    ],
    "val_loss": [
      3.269859552383423,
      3.2053310871124268,
      3.1432595252990723,
      3.084174156188965,
      3.025113344192505,
      2.9700851440429688,
      2.9169399738311768,
      2.8701722621917725,
      2.8307032585144043,
      2.7993156909942627,
      2.7738468647003174,
      2.7547802925109863,
      2.7432258129119873,
      2.738492727279663,
      2.7397356033325195,
      2.7489428520202637,
      2.766218662261963,
      2.794174909591675,
      2.8210060596466064,
      2.8509762287139893
    ],
    "stream_losses": []
  },
  "phase2": {
    "train_loss": [
      2.8472342491149902,
      2.8266549110412598,
      2.817575693130493,
      2.872354030609131,
      2.8493661880493164,
      2.856989860534668,
      2.8324077129364014,
      2.847787857055664,
      2.817331314086914,
      2.847306251525879,
      2.827378511428833,
      2.844224691390991,
      2.8160994052886963,
      2.7834012508392334,
      2.810506582260132,
      2.7841873168945312,
      2.7515361309051514,
      2.8054354190826416,
      2.76412034034729,
      2.782008409500122,
      2.7847445011138916,
      2.786850690841675,
      2.748321056365967,
      2.769805908203125,
      2.7575035095214844,
      2.7494876384735107,
      2.7589502334594727,
      2.718806743621826,
      2.7293312549591064,
      2.726593494415283
    ],
    "val_loss": [
      2.847651481628418,
      2.844494581222534,
      2.8412716388702393,
      2.8380725383758545,
      2.834805488586426,
      2.831566095352173,
      2.8284738063812256,
      2.825427532196045,
      2.822474718093872,
      2.8195645809173584,
      2.816560745239258,
      2.8135461807250977,
      2.8104352951049805,
      2.807485580444336,
      2.8045499324798584,
      2.8016793727874756,
      2.7987709045410156,
      2.7959115505218506,
      2.792985439300537,
      2.7899420261383057,
      2.786780834197998,
      2.7832629680633545,
      2.7795774936676025,
      2.7756388187408447,
      2.771632671356201,
      2.767487049102783,
      2.7627511024475098,
      2.757903575897217,
      2.7527332305908203,
      2.7475485801696777
    ],
    "gate_weights": [
      [
        0.24511466920375824,
        0.2590875029563904,
        0.24172565340995789,
        0.2540722191333771
      ],
      [
        0.24190418422222137,
        0.2610747218132019,
        0.23768065869808197,
        0.25934046506881714
      ],
      [
        0.23931312561035156,
        0.26329970359802246,
        0.2332642525434494,
        0.2641229033470154
      ],
      [
        0.23572465777397156,
        0.26620638370513916,
        0.22943344712257385,
        0.26863551139831543
      ],
      [
        0.23286990821361542,
        0.2685610055923462,
        0.22416022419929504,
        0.27440884709358215
      ],
      [
        0.2288571000099182,
        0.27166643738746643,
        0.22063696384429932,
        0.27883949875831604
      ],
      [
        0.22605638206005096,
        0.2732391953468323,
        0.21573102474212646,
        0.2849734425544739
      ],
      [
        0.2232755422592163,
        0.27503475546836853,
        0.21172523498535156,
        0.2899644672870636
      ],
      [
        0.21892885863780975,
        0.2785891890525818,
        0.20668111741542816,
        0.2958008646965027
      ],
      [
        0.2147735357284546,
        0.2808457016944885,
        0.2022859752178192,
        0.30209481716156006
      ],
      [
        0.21108555793762207,
        0.282306969165802,
        0.19789883494377136,
        0.30870866775512695
      ],
      [
        0.20651915669441223,
        0.28491106629371643,
        0.1929597705602646,
        0.31561005115509033
      ],
      [
        0.20239393413066864,
        0.2860909700393677,
        0.18855071067810059,
        0.3229643702507019
      ],
      [
        0.1981094479560852,
        0.28799504041671753,
        0.18355214595794678,
        0.33034342527389526
      ],
      [
        0.19250783324241638,
        0.28976699709892273,
        0.17816393077373505,
        0.3395613133907318
      ],
      [
        0.18804728984832764,
        0.2904970049858093,
        0.17312347888946533,
        0.34833234548568726
      ],
      [
        0.18253332376480103,
        0.2927485704421997,
        0.1681700348854065,
        0.3565480411052704
      ],
      [
        0.1762789785861969,
        0.2947545647621155,
        0.16221687197685242,
        0.3667496144771576
      ],
      [
        0.17058545351028442,
        0.2971176505088806,
        0.15647289156913757,
        0.3758240342140198
      ],
      [
        0.16402870416641235,
        0.29754698276519775,
        0.15088580548763275,
        0.38753852248191833
      ],
      [
        0.1577284336090088,
        0.29875797033309937,
        0.14491412043571472,
        0.3985994756221771
      ],
      [
        0.1506699025630951,
        0.29804620146751404,
        0.13829047977924347,
        0.41299349069595337
      ],
      [
        0.14467819035053253,
        0.2971353530883789,
        0.13263365626335144,
        0.4255528151988983
      ],
      [
        0.13829305768013,
        0.2964903712272644,
        0.127386212348938,
        0.43783038854599
      ],
      [
        0.13098695874214172,
        0.29421791434288025,
        0.12075358629226685,
        0.4540415406227112
      ],
      [
        0.12528741359710693,
        0.2913905382156372,
        0.11524373292922974,
        0.4680783152580261
      ],
      [
        0.11750014126300812,
        0.2875387668609619,
        0.10851497948169708,
        0.4864461421966553
      ],
      [
        0.11204447597265244,
        0.28477877378463745,
        0.10367612540721893,
        0.4995006322860718
      ],
      [
        0.10582932084798813,
        0.27829164266586304,
        0.09727370738983154,
        0.5186053514480591
      ],
      [
        0.09889911860227585,
        0.2740911841392517,
        0.09164341539144516,
        0.5353662967681885
      ]
    ]
  },
  "phase3": {
    "train_loss": [
      2.7674059867858887,
      2.722522497177124,
      2.702328681945801,
      2.67933988571167,
      2.6673972606658936,
      2.693305015563965,
      2.7028841972351074,
      2.6503472328186035,
      2.6872830390930176,
      2.6703429222106934,
      2.659135580062866,
      2.6675827503204346,
      2.668982744216919,
      2.6573331356048584,
      2.677041530609131,
      2.661792278289795,
      2.6419003009796143,
      2.617372989654541,
      2.648299217224121,
      2.599813222885132,
      2.6096818447113037,
      2.633354425430298,
      2.6448898315429688,
      2.6527795791625977,
      2.645251512527466,
      2.6160688400268555,
      2.5945253372192383,
      2.5680670738220215,
      2.575950860977173,
      2.6127519607543945,
      2.588329315185547,
      2.5565309524536133,
      2.6023197174072266,
      2.5984437465667725,
      2.516655921936035,
      2.525099277496338,
      2.542201519012451,
      2.493314027786255,
      2.554694652557373,
      2.4912075996398926,
      2.513375997543335,
      2.5364952087402344,
      2.507506847381592,
      2.5188772678375244,
      2.4805045127868652,
      2.450406074523926,
      2.512303113937378,
      2.4922921657562256,
      2.464764356613159,
      2.4724090099334717
    ],